User,AccessKeyId,Status,CreateDate,LastUsedDate
admin,AKIA0000000000000000,Active,2025-01-10T14:32:00Z,2026-06-15T09:12:00Z
alice,AKIA1111111111111111,Active,2026-05-01T10:00:00Z,2026-06-10T11:00:00Z
bob,AKIA2222222222222222,Inactive,2025-10-05T08:22:00Z,2025-11-20T14:00:00Z
charlie,AKIA3333333333333333,Active,2026-04-15T09:00:00Z,N/A
dave,AKIA4444444444444444,Active,2026-06-01T12:00:00Z,2026-06-05T12:00:00Z
eve,AKIA5QYV7B8E9F0G1H2I,Active,2025-08-22T09:15:00Z,2025-12-10T16:45:00Z
frank,AKIA6666666666666666,Active,2025-12-01T11:30:00Z,2026-05-20T10:10:00Z
grace,AKIA7777777777777777,Inactive,2025-02-10T14:00:00Z,N/A
heidi,AKIA8888888888888888,Active,2026-02-01T08:00:00Z,2026-04-10T10:00:00Z
ivan,AKIA9999999999999999,Active,2026-05-20T10:00:00Z,N/A
